{
  "name" : "DescriptionOfClaims",
  "patternExpression" : "/^[a-zA-Z 0-9 . , ; \" : ]*$/igm",
  "type" : "PATTERNBASED",
  "parentEntity" : "InsuranceType",
  "namedEntityRuleParams" : [ {
    "value" : null,
    "rule" : {
      "name" : "FOLLOWINGPHRASE"
    }
  } ],
  "multiValue" : false,
  "fuzzyMatch" : false,
  "promptForDisambiguation" : true,
  "botPrompts" : [ {
    "text" : "Enter the description of the claims notification",
    "sequenceNr" : 1
  } ],
  "validationRules" : [ ],
  "compositeBagItems" : [ ]
}