{
  "name" : "InsuranceType",
  "type" : "ENUMVALUES",
  "enumValues" : [ {
    "canonicalName" : "Fire Insurance",
    "synonyms" : [ "Fire" ]
  }, {
    "canonicalName" : "Car Insurance",
    "synonyms" : [ "Car" ]
  }, {
    "canonicalName" : "Travel Insurance",
    "synonyms" : [ "Travel" ]
  } ],
  "namedEntityRuleParams" : [ ],
  "multiValue" : false,
  "fuzzyMatch" : false,
  "promptForDisambiguation" : true,
  "botPrompts" : [ {
    "text" : "Please select the insurance type you want",
    "sequenceNr" : 1
  } ],
  "validationRules" : [ ],
  "compositeBagItems" : [ ]
}