{
  "name" : "PolicyNumber",
  "patternExpression" : "^[A-Z]{1,}\\/[A-Z]{1,}\\/[0-9]{4}\\/[0-9]{1,}",
  "type" : "PATTERNBASED",
  "parentEntity" : "NUMBER",
  "namedEntityRuleParams" : [ {
    "value" : null,
    "rule" : {
      "name" : "FOLLOWINGPHRASE"
    }
  } ],
  "multiValue" : false,
  "fuzzyMatch" : false,
  "promptForDisambiguation" : true,
  "botPrompts" : [ {
    "text" : "Please enter your policy number",
    "sequenceNr" : 1
  } ],
  "validationRules" : [ ],
  "compositeBagItems" : [ ]
}