{
  "name" : "BuyInsurance",
  "type" : "NLPIntent",
  "intentParameters" : [ {
    "name" : "InsuranceType",
    "required" : true,
    "entity" : "InsuranceType"
  } ],
  "exampleData" : [ {
    "sentence" : "i need insurance",
    "exampleEntities" : [ ]
  }, {
    "sentence" : "I want to buy fire insurance",
    "exampleEntities" : [ ]
  }, {
    "sentence" : "I want to buy insurance",
    "exampleEntities" : [ ]
  }, {
    "sentence" : "I want new insurance",
    "exampleEntities" : [ ]
  }, {
    "sentence" : "I need insurance",
    "exampleEntities" : [ ]
  } ]
}