{
  "name" : "ClaimsNotification",
  "type" : "NLPIntent",
  "intentParameters" : [ {
    "name" : "DescriptionOfClaims",
    "required" : true,
    "entity" : "DescriptionOfClaims"
  }, {
    "name" : "PolicyNumber",
    "required" : true,
    "entity" : "PolicyNumber"
  } ],
  "exampleData" : [ {
    "sentence" : "claims",
    "exampleEntities" : [ ]
  }, {
    "sentence" : "Notification of claims",
    "exampleEntities" : [ ]
  }, {
    "sentence" : "I want to make a claim",
    "exampleEntities" : [ ]
  }, {
    "sentence" : "I want to report a claim",
    "exampleEntities" : [ ]
  }, {
    "sentence" : "I need to make a claim",
    "exampleEntities" : [ ]
  }, {
    "sentence" : "An Incident occured I need to file a claim",
    "exampleEntities" : [ ]
  }, {
    "sentence" : "i want to put in a claim",
    "exampleEntities" : [ ]
  } ]
}