{
  "name" : "PolicyEnquiry",
  "type" : "NLPIntent",
  "intentParameters" : [ {
    "name" : "PolicyNumber",
    "required" : true,
    "entity" : "PolicyNumber"
  } ],
  "exampleData" : [ {
    "sentence" : "I want to check my policy",
    "exampleEntities" : [ ]
  }, {
    "sentence" : "can you explain my policy",
    "exampleEntities" : [ ]
  }, {
    "sentence" : "I need information on my policy",
    "exampleEntities" : [ ]
  }, {
    "sentence" : "information on my policy",
    "exampleEntities" : [ ]
  }, {
    "sentence" : "can i get information about my policy",
    "exampleEntities" : [ ]
  }, {
    "sentence" : "can you help me check my policy",
    "exampleEntities" : [ ]
  } ]
}