{
  "name" : "PremiumRenewal",
  "type" : "NLPIntent",
  "intentParameters" : [ {
    "name" : "PolicyNumber",
    "required" : true,
    "entity" : "PolicyNumber"
  } ],
  "exampleData" : [ {
    "sentence" : "I need to pay my premium",
    "exampleEntities" : [ ]
  }, {
    "sentence" : "I need to renew my policy",
    "exampleEntities" : [ ]
  }, {
    "sentence" : "premium payment",
    "exampleEntities" : [ ]
  }, {
    "sentence" : "Policy renewal",
    "exampleEntities" : [ ]
  }, {
    "sentence" : "i want to renew my policy",
    "exampleEntities" : [ ]
  }, {
    "sentence" : "I want to pay my premium",
    "exampleEntities" : [ ]
  } ]
}