{
  "name" : "Welcome",
  "type" : "NLPIntent",
  "intentParameters" : [ ],
  "exampleData" : [ {
    "sentence" : "hi",
    "exampleEntities" : [ ]
  }, {
    "sentence" : "get started",
    "exampleEntities" : [ ]
  }, {
    "sentence" : "hi there",
    "exampleEntities" : [ ]
  }, {
    "sentence" : "hello",
    "exampleEntities" : [ ]
  }, {
    "sentence" : "hey AIICO",
    "exampleEntities" : [ ]
  }, {
    "sentence" : "good day",
    "exampleEntities" : [ ]
  }, {
    "sentence" : "good morning",
    "exampleEntities" : [ ]
  }, {
    "sentence" : "hi there",
    "exampleEntities" : [ ]
  }, {
    "sentence" : "hallo",
    "exampleEntities" : [ ]
  }, {
    "sentence" : "good afternoon",
    "exampleEntities" : [ ]
  }, {
    "sentence" : "hullo",
    "exampleEntities" : [ ]
  } ]
}