{
  "schemaId" : "aiico_car_insurance_form",
  "content" : "{\"version\":7,\"general\":{\"name\":\"AIICO Car Insurance Form\",\"internalDescription\":\"Collect lead information and schedule demos\",\"previewText\":\"Purchase Insurance\",\"previewIcon\":\"/chatbox2/upload?k=public%2FO661%2Fschema%2F04ZN%2Fm9hZ%2F_Q27t4oGmaGssruHI160SLfW21uSyQXGkoxv3vUhHvYFeUOwe7QkXi1x5ATk7zYHuE3Ap7TErjoQgQ%3D%3D%2F991a60ab-aiico-insurance.jpg\",\"author\":\"Unknown\",\"created\":\"Fri Dec 07 2018\",\"icon\":\"/chatbox2/upload?k=public%2FO661%2Fschema%2FMbVY%2FYA2M%2FxXfa8GfPyOgkL_wTEWKK6lZhKHstTbYjbZcmYGId6paXILeAvAw918rApKE6W1RM7y4jnuIU_8EOYQ%3D%3D%2F991a60ab-aiico-insurance.jpg\",\"inviteMessageList\":[\"Provide more information and get a demo today: {link}\"],\"windowTitle\":\"Purchase Insurance\"},\"chatbox\":{\"id\":5,\"apiId\":\"aiico_car_insurance_form\",\"active\":true,\"build\":2,\"builder\":{\"editCount\":23},\"tagList\":[],\"trashed\":false},\"displayList\":[{\"id\":\"PANE_2\",\"allowDismiss\":false,\"elementList\":[{\"id\":\"image_1\",\"initiallyEnabled\":true,\"initiallyVisible\":true,\"innerStyles\":{\"backgroundColor\":\"#FFFFFF\",\"borderColor\":\"#333\",\"borderRadius\":\"0px\",\"borderStyle\":\"solid\",\"borderWidth\":\"0px\",\"color\":\"#333333\",\"elementClass\":\"\",\"fontSize\":\"13px\",\"fontStyle\":\"normal\",\"fontWeight\":\"normal\",\"labelClass\":\"\",\"textAlign\":\"left\",\"width\":\"90%\"},\"outerStyles\":{\"marginBottom\":\"12px\",\"marginLeft\":\"0\",\"marginRight\":\"0\",\"marginTop\":\"0\",\"paddingBottom\":\"0\",\"paddingLeft\":\"0\",\"paddingRight\":\"0\",\"paddingTop\":\"0\",\"width\":\"100%\"},\"tooltip\":\"\",\"detail\":{\"src\":\"/chatbox2/upload?k=public%2FO661%2Fschema%2F1MJs%2Fx1Wk%2FDQLkDL95EYmxCpszAimNjyZOy_xK33VfGucmMXrm17ZPNTwGZ4OewQBlhA6EqvQUPsDLAeA4f3XcDA%3D%3D%2F991a60ab-aiico-insurance.jpg\",\"type\":\"image\"},\"actionList\":[],\"since\":0},{\"id\":\"label_1\",\"initiallyEnabled\":true,\"initiallyVisible\":true,\"innerStyles\":{\"backgroundColor\":\"rgba(255, 255, 255, 0)\",\"borderColor\":\"#333\",\"borderRadius\":\"0px\",\"borderStyle\":\"solid\",\"borderWidth\":\"0px\",\"color\":\"#333333\",\"elementClass\":\"\",\"fontSize\":\"18px\",\"fontStyle\":\"normal\",\"fontWeight\":\"bold\",\"labelClass\":\"\",\"textAlign\":\"center\"},\"outerStyles\":{\"marginBottom\":\"12px\",\"marginLeft\":\"0\",\"marginRight\":\"0\",\"marginTop\":\"0\",\"paddingBottom\":\"0\",\"paddingLeft\":\"0\",\"paddingRight\":\"0\",\"paddingTop\":\"0\",\"width\":\"100%\"},\"tooltip\":\"\",\"detail\":{\"text\":\"Purchase Insurance\",\"generatedHtml\":\"<p>Purchase Insurance</p>\\n\",\"type\":\"markdown\"},\"actionList\":[],\"since\":0},{\"id\":\"label_2\",\"initiallyEnabled\":true,\"initiallyVisible\":true,\"innerStyles\":{\"backgroundColor\":\"rgba(255, 255, 255, 0)\",\"borderColor\":\"#333\",\"borderRadius\":\"0px\",\"borderStyle\":\"solid\",\"borderWidth\":\"0px\",\"color\":\"#333333\",\"elementClass\":\"\",\"fontSize\":\"13px\",\"fontStyle\":\"normal\",\"fontWeight\":\"normal\",\"labelClass\":\"\",\"textAlign\":\"center\"},\"outerStyles\":{\"marginBottom\":\"12px\",\"marginLeft\":\"0\",\"marginRight\":\"0\",\"marginTop\":\"0\",\"paddingBottom\":\"0\",\"paddingLeft\":\"0\",\"paddingRight\":\"0\",\"paddingTop\":\"0\",\"width\":\"100%\"},\"tooltip\":\"\",\"detail\":{\"text\":\"You can use this form to purchase Car, Fire and Travel Insurance\",\"generatedHtml\":\"<p>You can use this form to purchase Car, Fire and Travel Insurance</p>\\n\",\"type\":\"markdown\"},\"actionList\":[],\"since\":0},{\"id\":\"title\",\"initiallyEnabled\":true,\"initiallyVisible\":true,\"innerStyles\":{\"backgroundColor\":\"#FFFFFF\",\"backgroundImage\":\"\",\"borderColor\":\"#ccc\",\"borderRadius\":\"4px\",\"borderStyle\":\"solid\",\"borderWidth\":\"1px\",\"color\":\"#333333\",\"elementClass\":\"\",\"fontSize\":\"13px\",\"fontStyle\":\"normal\",\"fontWeight\":\"normal\",\"labelClass\":\"\",\"textAlign\":\"left\"},\"outerStyles\":{\"marginBottom\":\"12px\",\"marginLeft\":\"0\",\"marginRight\":\"0\",\"marginTop\":\"0\",\"paddingBottom\":\"0\",\"paddingLeft\":\"0\",\"paddingRight\":\"0\",\"paddingTop\":\"0\",\"width\":\"100%\"},\"tooltip\":\"\",\"detail\":{\"label\":\"\",\"labelInline\":false,\"optionsCaption\":\"Select...\",\"options\":[{\"label\":\"Chief\",\"value\":\"08439e44-98cf-e711-83b7-44850015c0e7\",\"since\":0},{\"label\":\"Clergyman\",\"value\":\"09439e44-98cf-e711-83b7-44850015c0e7\",\"since\":0},{\"label\":\"Doctor\",\"value\":\"0a439e44-98cf-e711-83b7-44850015c0e7\",\"since\":0},{\"label\":\"Elder\",\"value\":\"0b439e44-98cf-e711-83b7-44850015c0e7\",\"since\":0},{\"label\":\"Excellency\",\"value\":\"0c439e44-98cf-e711-83b7-44850015c0e7\",\"since\":0},{\"label\":\"Honorable\",\"value\":\"0d439e44-98cf-e711-83b7-44850015c0e7\",\"since\":0},{\"label\":\"Master\",\"value\":\"0e439e44-98cf-e711-83b7-44850015c0e7\",\"since\":0},{\"label\":\"Miss\",\"value\":\"0f439e44-98cf-e711-83b7-44850015c0e7\",\"since\":0},{\"label\":\"Mr\",\"value\":\"10439e44-98cf-e711-83b7-44850015c0e7\",\"since\":0},{\"label\":\"Mrs\",\"value\":\"11439e44-98cf-e711-83b7-44850015c0e7\",\"since\":0},{\"label\":\"Professor\",\"value\":\"12439e44-98cf-e711-83b7-44850015c0e7\",\"since\":0}],\"loadOptionsFromAction\":false,\"agentCanEdit\":false,\"customerCanEdit\":true,\"agentMasked\":false,\"required\":false,\"elementValidation\":{\"required\":false,\"requiredErrorMessage\":\"This is required\",\"validateMinLength\":false,\"minLength\":0,\"minLengthErrorMessage\":\"This field requires at least {$count} characters.\",\"validateMaxLength\":false,\"maxLength\":0,\"maxLengthErrorMessage\":\"This field does not accept more than {$count} characters.\",\"validateRegex\":false,\"regex\":\"\",\"regexErrorMessage\":\"\",\"validateSnippet\":false,\"snippet\":\"\"},\"type\":\"select\"},\"actionList\":[],\"since\":0},{\"id\":\"FirstName\",\"initiallyEnabled\":true,\"initiallyVisible\":true,\"innerStyles\":{\"backgroundColor\":\"#FFFFFF\",\"borderColor\":\"#ccc\",\"borderRadius\":\"4px\",\"borderStyle\":\"solid\",\"borderWidth\":\"1px\",\"color\":\"#333333\",\"elementClass\":\"\",\"fontSize\":\"13px\",\"fontStyle\":\"normal\",\"fontWeight\":\"normal\",\"labelClass\":\"\",\"textAlign\":\"left\"},\"outerStyles\":{\"marginBottom\":\"12px\",\"marginLeft\":\"0\",\"marginRight\":\"0\",\"marginTop\":\"0\",\"paddingBottom\":\"0\",\"paddingLeft\":\"0\",\"paddingRight\":\"0\",\"paddingTop\":\"0\",\"width\":\"100%\"},\"tooltip\":\"\",\"detail\":{\"label\":\"First Name\",\"labelInline\":false,\"maxLength\":256,\"placeholder\":\"\",\"everyoneMasked\":false,\"isTransient\":false,\"agentCanEdit\":false,\"customerCanEdit\":true,\"agentMasked\":false,\"required\":false,\"elementValidation\":{\"required\":true,\"requiredErrorMessage\":\"Firstname is required\",\"validateMinLength\":false,\"minLength\":0,\"minLengthErrorMessage\":\"This field requires at least {$count} characters.\",\"validateMaxLength\":false,\"maxLength\":0,\"maxLengthErrorMessage\":\"This field does not accept more than {$count} characters.\",\"validateRegex\":false,\"regex\":\"\",\"regexErrorMessage\":\"\",\"validateSnippet\":false,\"snippet\":\"\"},\"type\":\"singleLineInput\"},\"actionList\":[],\"since\":0},{\"id\":\"LastName\",\"initiallyEnabled\":true,\"initiallyVisible\":true,\"innerStyles\":{\"backgroundColor\":\"#FFFFFF\",\"borderColor\":\"#ccc\",\"borderRadius\":\"4px\",\"borderStyle\":\"solid\",\"borderWidth\":\"1px\",\"color\":\"#333333\",\"elementClass\":\"\",\"fontSize\":\"13px\",\"fontStyle\":\"normal\",\"fontWeight\":\"normal\",\"labelClass\":\"\",\"textAlign\":\"left\"},\"outerStyles\":{\"marginBottom\":\"12px\",\"marginLeft\":\"0\",\"marginRight\":\"0\",\"marginTop\":\"0\",\"paddingBottom\":\"0\",\"paddingLeft\":\"0\",\"paddingRight\":\"0\",\"paddingTop\":\"0\",\"width\":\"100%\"},\"tooltip\":\"\",\"detail\":{\"label\":\"Last name\",\"labelInline\":false,\"maxLength\":256,\"placeholder\":\"\",\"everyoneMasked\":false,\"isTransient\":false,\"agentCanEdit\":false,\"customerCanEdit\":true,\"agentMasked\":false,\"required\":false,\"elementValidation\":{\"required\":true,\"requiredErrorMessage\":\"Lastname  is required\",\"validateMinLength\":false,\"minLength\":0,\"minLengthErrorMessage\":\"This field requires at least {$count} characters.\",\"validateMaxLength\":false,\"maxLength\":0,\"maxLengthErrorMessage\":\"This field does not accept more than {$count} characters.\",\"validateRegex\":false,\"regex\":\"\",\"regexErrorMessage\":\"\",\"validateSnippet\":false,\"snippet\":\"\"},\"type\":\"singleLineInput\"},\"actionList\":[],\"since\":0},{\"id\":\"email\",\"initiallyEnabled\":true,\"initiallyVisible\":true,\"innerStyles\":{\"backgroundColor\":\"#FFFFFF\",\"borderColor\":\"#ccc\",\"borderRadius\":\"4px\",\"borderStyle\":\"solid\",\"borderWidth\":\"1px\",\"color\":\"#333333\",\"elementClass\":\"\",\"fontSize\":\"13px\",\"fontStyle\":\"normal\",\"fontWeight\":\"normal\",\"labelClass\":\"\",\"textAlign\":\"left\"},\"outerStyles\":{\"marginBottom\":\"12px\",\"marginLeft\":\"0\",\"marginRight\":\"0\",\"marginTop\":\"0\",\"paddingBottom\":\"0\",\"paddingLeft\":\"0\",\"paddingRight\":\"0\",\"paddingTop\":\"0\",\"width\":\"100%\"},\"tooltip\":\"\",\"detail\":{\"label\":\"Email Address\",\"labelInline\":false,\"placeholder\":\"\",\"maxLength\":80,\"agentCanEdit\":false,\"customerCanEdit\":true,\"agentMasked\":false,\"required\":false,\"elementValidation\":{\"required\":true,\"requiredErrorMessage\":\"Email  is required\",\"validateMinLength\":false,\"minLength\":0,\"minLengthErrorMessage\":\"This field requires at least {$count} characters.\",\"validateMaxLength\":false,\"maxLength\":0,\"maxLengthErrorMessage\":\"This field does not accept more than {$count} characters.\",\"validateRegex\":false,\"regex\":\"\",\"regexErrorMessage\":\"\",\"validateSnippet\":false,\"snippet\":\"\"},\"type\":\"email\"},\"actionList\":[],\"since\":0},{\"id\":\"phoneNumber\",\"initiallyEnabled\":true,\"initiallyVisible\":true,\"innerStyles\":{\"backgroundColor\":\"#FFFFFF\",\"borderColor\":\"#ccc\",\"borderRadius\":\"4px\",\"borderStyle\":\"solid\",\"borderWidth\":\"1px\",\"color\":\"#333333\",\"elementClass\":\"\",\"fontSize\":\"13px\",\"fontStyle\":\"normal\",\"fontWeight\":\"normal\",\"labelClass\":\"\",\"textAlign\":\"left\"},\"outerStyles\":{\"marginBottom\":\"12px\",\"marginLeft\":\"0\",\"marginRight\":\"0\",\"marginTop\":\"0\",\"paddingBottom\":\"0\",\"paddingLeft\":\"0\",\"paddingRight\":\"0\",\"paddingTop\":\"0\",\"width\":\"100%\"},\"tooltip\":\"\",\"detail\":{\"label\":\"Phone Number\",\"labelInline\":false,\"agentCanEdit\":false,\"customerCanEdit\":true,\"agentMasked\":false,\"required\":false,\"elementValidation\":{\"required\":true,\"requiredErrorMessage\":\"Phone number  is required\",\"validateMinLength\":false,\"minLength\":0,\"minLengthErrorMessage\":\"This field requires at least {$count} characters.\",\"validateMaxLength\":false,\"maxLength\":0,\"maxLengthErrorMessage\":\"This field does not accept more than {$count} characters.\",\"validateRegex\":false,\"regex\":\"\",\"regexErrorMessage\":\"\",\"validateSnippet\":false,\"snippet\":\"\"},\"type\":\"phone\"},\"actionList\":[],\"since\":0},{\"id\":\"gender\",\"initiallyEnabled\":true,\"initiallyVisible\":true,\"innerStyles\":{\"backgroundColor\":\"#FFFFFF\",\"backgroundImage\":\"\",\"borderColor\":\"#ccc\",\"borderRadius\":\"4px\",\"borderStyle\":\"solid\",\"borderWidth\":\"1px\",\"color\":\"#333333\",\"elementClass\":\"\",\"fontSize\":\"13px\",\"fontStyle\":\"normal\",\"fontWeight\":\"normal\",\"labelClass\":\"\",\"textAlign\":\"left\"},\"outerStyles\":{\"marginBottom\":\"12px\",\"marginLeft\":\"0\",\"marginRight\":\"0\",\"marginTop\":\"0\",\"paddingBottom\":\"0\",\"paddingLeft\":\"0\",\"paddingRight\":\"0\",\"paddingTop\":\"0\",\"width\":\"100%\"},\"tooltip\":\"\",\"detail\":{\"label\":\"Gender\",\"labelInline\":false,\"optionsCaption\":\"Select Gender...\",\"options\":[{\"label\":\"Female\",\"value\":\"02439e44-98cf-e711-83b7-44850015c0e7\",\"since\":0},{\"label\":\"Male\",\"value\":\"01439e44-98cf-e711-83b7-44850015c0e7\",\"since\":0}],\"loadOptionsFromAction\":false,\"agentCanEdit\":false,\"customerCanEdit\":true,\"agentMasked\":false,\"required\":false,\"elementValidation\":{\"required\":false,\"requiredErrorMessage\":\"This is required\",\"validateMinLength\":false,\"minLength\":0,\"minLengthErrorMessage\":\"This field requires at least {$count} characters.\",\"validateMaxLength\":false,\"maxLength\":0,\"maxLengthErrorMessage\":\"This field does not accept more than {$count} characters.\",\"validateRegex\":false,\"regex\":\"\",\"regexErrorMessage\":\"\",\"validateSnippet\":false,\"snippet\":\"\"},\"type\":\"select\"},\"actionList\":[],\"since\":0},{\"id\":\"divider_1\",\"initiallyEnabled\":true,\"initiallyVisible\":true,\"innerStyles\":{\"backgroundColor\":\"#333\",\"borderColor\":\"#333\",\"borderRadius\":\"0px\",\"borderStyle\":\"solid\",\"borderWidth\":\"0px\",\"color\":\"#333333\",\"elementClass\":\"\",\"fontSize\":\"13px\",\"fontStyle\":\"normal\",\"fontWeight\":\"normal\",\"height\":\"3px\",\"labelClass\":\"\",\"textAlign\":\"left\"},\"outerStyles\":{\"marginBottom\":\"12px\",\"marginLeft\":\"0\",\"marginRight\":\"0\",\"marginTop\":\"0\",\"paddingBottom\":\"0\",\"paddingLeft\":\"0\",\"paddingRight\":\"0\",\"paddingTop\":\"0\",\"width\":\"100%\"},\"tooltip\":\"\",\"detail\":{\"type\":\"divider\"},\"actionList\":[],\"since\":0}],\"innerStyles\":{\"backgroundColor\":\"rgba(255, 255, 255, 1)\",\"backgroundImage\":\"\",\"borderColor\":\"#333\",\"borderRadius\":\"0px\",\"borderStyle\":\"solid\",\"borderWidth\":\"0px\",\"color\":\"#333333\",\"fontSize\":\"13px\",\"fontStyle\":\"normal\",\"fontWeight\":\"normal\",\"textAlign\":\"left\"},\"validation\":{\"asYouGo\":true,\"usingSnippet\":false,\"errorMessage\":\"Please see errors above before continuing.\",\"snippet\":\"\"}},{\"id\":\"carDetails\",\"allowDismiss\":false,\"elementList\":[{\"id\":\"regNo\",\"initiallyEnabled\":true,\"initiallyVisible\":true,\"innerStyles\":{\"backgroundColor\":\"#FFFFFF\",\"backgroundImage\":\"\",\"borderColor\":\"#ccc\",\"borderRadius\":\"4px\",\"borderStyle\":\"solid\",\"borderWidth\":\"1px\",\"color\":\"#333333\",\"elementClass\":\"\",\"fontSize\":\"13px\",\"fontStyle\":\"normal\",\"fontWeight\":\"normal\",\"labelClass\":\"\",\"textAlign\":\"left\"},\"outerStyles\":{\"marginBottom\":\"12px\",\"marginLeft\":\"0\",\"marginRight\":\"0\",\"marginTop\":\"0\",\"paddingBottom\":\"0\",\"paddingLeft\":\"0\",\"paddingRight\":\"0\",\"paddingTop\":\"0\",\"width\":\"100%\"},\"tooltip\":\"\",\"detail\":{\"label\":\"Vehicle Registration Number\",\"labelInline\":false,\"maxLength\":256,\"placeholder\":\"\",\"everyoneMasked\":false,\"isTransient\":false,\"agentCanEdit\":false,\"customerCanEdit\":true,\"agentMasked\":false,\"required\":false,\"elementValidation\":{\"required\":false,\"requiredErrorMessage\":\"This is required\",\"validateMinLength\":false,\"minLength\":0,\"minLengthErrorMessage\":\"This field requires at least {$count} characters.\",\"validateMaxLength\":false,\"maxLength\":0,\"maxLengthErrorMessage\":\"This field does not accept more than {$count} characters.\",\"validateRegex\":false,\"regex\":\"\",\"regexErrorMessage\":\"\",\"validateSnippet\":false,\"snippet\":\"\"},\"type\":\"singleLineInput\"},\"actionList\":[],\"since\":0},{\"id\":\"engineNo\",\"initiallyEnabled\":true,\"initiallyVisible\":true,\"innerStyles\":{\"backgroundColor\":\"#FFFFFF\",\"backgroundImage\":\"\",\"borderColor\":\"#ccc\",\"borderRadius\":\"4px\",\"borderStyle\":\"solid\",\"borderWidth\":\"1px\",\"color\":\"#333333\",\"elementClass\":\"\",\"fontSize\":\"13px\",\"fontStyle\":\"normal\",\"fontWeight\":\"normal\",\"labelClass\":\"\",\"textAlign\":\"left\"},\"outerStyles\":{\"marginBottom\":\"12px\",\"marginLeft\":\"0\",\"marginRight\":\"0\",\"marginTop\":\"0\",\"paddingBottom\":\"0\",\"paddingLeft\":\"0\",\"paddingRight\":\"0\",\"paddingTop\":\"0\",\"width\":\"100%\"},\"tooltip\":\"\",\"detail\":{\"label\":\"Engine Number\",\"labelInline\":false,\"maxLength\":256,\"placeholder\":\"\",\"everyoneMasked\":false,\"isTransient\":false,\"agentCanEdit\":false,\"customerCanEdit\":true,\"agentMasked\":false,\"required\":false,\"elementValidation\":{\"required\":false,\"requiredErrorMessage\":\"This is required\",\"validateMinLength\":false,\"minLength\":0,\"minLengthErrorMessage\":\"This field requires at least {$count} characters.\",\"validateMaxLength\":false,\"maxLength\":0,\"maxLengthErrorMessage\":\"This field does not accept more than {$count} characters.\",\"validateRegex\":false,\"regex\":\"\",\"regexErrorMessage\":\"\",\"validateSnippet\":false,\"snippet\":\"\"},\"type\":\"singleLineInput\"},\"actionList\":[],\"since\":0},{\"id\":\"chassisNo\",\"initiallyEnabled\":true,\"initiallyVisible\":true,\"innerStyles\":{\"backgroundColor\":\"#FFFFFF\",\"backgroundImage\":\"\",\"borderColor\":\"#ccc\",\"borderRadius\":\"4px\",\"borderStyle\":\"solid\",\"borderWidth\":\"1px\",\"color\":\"#333333\",\"elementClass\":\"\",\"fontSize\":\"13px\",\"fontStyle\":\"normal\",\"fontWeight\":\"normal\",\"labelClass\":\"\",\"textAlign\":\"left\"},\"outerStyles\":{\"marginBottom\":\"12px\",\"marginLeft\":\"0\",\"marginRight\":\"0\",\"marginTop\":\"0\",\"paddingBottom\":\"0\",\"paddingLeft\":\"0\",\"paddingRight\":\"0\",\"paddingTop\":\"0\",\"width\":\"100%\"},\"tooltip\":\"\",\"detail\":{\"label\":\"Chassis Number\",\"labelInline\":false,\"maxLength\":256,\"placeholder\":\"\",\"everyoneMasked\":false,\"isTransient\":false,\"agentCanEdit\":false,\"customerCanEdit\":true,\"agentMasked\":false,\"required\":false,\"elementValidation\":{\"required\":false,\"requiredErrorMessage\":\"This is required\",\"validateMinLength\":false,\"minLength\":0,\"minLengthErrorMessage\":\"This field requires at least {$count} characters.\",\"validateMaxLength\":false,\"maxLength\":0,\"maxLengthErrorMessage\":\"This field does not accept more than {$count} characters.\",\"validateRegex\":false,\"regex\":\"\",\"regexErrorMessage\":\"\",\"validateSnippet\":false,\"snippet\":\"\"},\"type\":\"singleLineInput\"},\"actionList\":[],\"since\":0},{\"id\":\"color\",\"initiallyEnabled\":true,\"initiallyVisible\":true,\"innerStyles\":{\"backgroundColor\":\"#FFFFFF\",\"backgroundImage\":\"\",\"borderColor\":\"#ccc\",\"borderRadius\":\"4px\",\"borderStyle\":\"solid\",\"borderWidth\":\"1px\",\"color\":\"#333333\",\"elementClass\":\"\",\"fontSize\":\"13px\",\"fontStyle\":\"normal\",\"fontWeight\":\"normal\",\"labelClass\":\"\",\"textAlign\":\"left\"},\"outerStyles\":{\"marginBottom\":\"12px\",\"marginLeft\":\"0\",\"marginRight\":\"0\",\"marginTop\":\"0\",\"paddingBottom\":\"0\",\"paddingLeft\":\"0\",\"paddingRight\":\"0\",\"paddingTop\":\"0\",\"width\":\"100%\"},\"tooltip\":\"\",\"detail\":{\"label\":\"Select Car Color\",\"labelInline\":false,\"optionsCaption\":\"Select Color...\",\"options\":[{\"label\":\"Option 1\",\"value\":\"value1\",\"since\":0},{\"label\":\"Option 2\",\"value\":\"value2\",\"since\":0}],\"loadOptionsFromAction\":true,\"agentCanEdit\":false,\"customerCanEdit\":true,\"agentMasked\":false,\"required\":false,\"elementValidation\":{\"required\":false,\"requiredErrorMessage\":\"This is required\",\"validateMinLength\":false,\"minLength\":0,\"minLengthErrorMessage\":\"This field requires at least {$count} characters.\",\"validateMaxLength\":false,\"maxLength\":0,\"maxLengthErrorMessage\":\"This field does not accept more than {$count} characters.\",\"validateRegex\":false,\"regex\":\"\",\"regexErrorMessage\":\"\",\"validateSnippet\":false,\"snippet\":\"\"},\"type\":\"select\"},\"actionList\":[],\"since\":0},{\"id\":\"vehicleAmount\",\"initiallyEnabled\":true,\"initiallyVisible\":true,\"innerStyles\":{\"borderWidth\":\"1px\",\"borderColor\":\"#ccc\",\"borderRadius\":\"4px\",\"backgroundColor\":\"#FFFFFF\",\"backgroundImage\":\"\",\"color\":\"#333333\",\"fontSize\":\"13px\",\"fontWeight\":\"normal\",\"fontStyle\":\"normal\",\"textAlign\":\"left\",\"borderStyle\":\"solid\",\"elementClass\":\"\",\"labelClass\":\"\"},\"outerStyles\":{\"width\":\"100%\",\"marginTop\":\"0\",\"marginLeft\":\"0\",\"marginRight\":\"0\",\"marginBottom\":\"12px\",\"paddingTop\":\"0\",\"paddingLeft\":\"0\",\"paddingRight\":\"0\",\"paddingBottom\":\"0\"},\"tooltip\":\"\",\"detail\":{\"label\":\"Vehicle Amount\",\"labelInline\":false,\"maxLength\":256,\"placeholder\":\"\",\"everyoneMasked\":false,\"isTransient\":false,\"agentCanEdit\":false,\"customerCanEdit\":true,\"agentMasked\":false,\"required\":false,\"elementValidation\":{\"required\":false,\"requiredErrorMessage\":\"This is required\",\"validateMinLength\":false,\"minLength\":0,\"minLengthErrorMessage\":\"This field requires at least {$count} characters.\",\"validateMaxLength\":false,\"maxLength\":0,\"maxLengthErrorMessage\":\"This field does not accept more than {$count} characters.\",\"validateRegex\":false,\"regex\":\"\",\"regexErrorMessage\":\"\",\"validateSnippet\":false,\"snippet\":\"\"},\"type\":\"singleLineInput\"},\"actionList\":[],\"since\":0},{\"id\":\"buyInsurance\",\"initiallyEnabled\":true,\"initiallyVisible\":true,\"innerStyles\":{\"backgroundColor\":\"#93b547\",\"borderColor\":\"#333\",\"borderRadius\":\"3px\",\"borderStyle\":\"solid\",\"borderWidth\":\"0px\",\"color\":\"#FFFFFF\",\"elementClass\":\"\",\"fontSize\":\"14px\",\"fontStyle\":\"normal\",\"fontWeight\":\"normal\",\"labelClass\":\"\",\"textAlign\":\"center\",\"width\":\"100%\"},\"outerStyles\":{\"marginBottom\":\"12px\",\"marginLeft\":\"0\",\"marginRight\":\"0\",\"marginTop\":\"0\",\"paddingBottom\":\"0\",\"paddingLeft\":\"0\",\"paddingRight\":\"0\",\"paddingTop\":\"0\",\"width\":\"100%\"},\"tooltip\":\"\",\"detail\":{\"buttonClass\":\"InteractiveButton\",\"label\":\"Purchase Insurance\",\"agentCanEdit\":false,\"customerCanEdit\":true,\"agentMasked\":false,\"required\":false,\"elementValidation\":{\"required\":false,\"requiredErrorMessage\":\"This is required\",\"validateMinLength\":false,\"minLength\":0,\"minLengthErrorMessage\":\"This field requires at least {$count} characters.\",\"validateMaxLength\":false,\"maxLength\":0,\"maxLengthErrorMessage\":\"This field does not accept more than {$count} characters.\",\"validateRegex\":false,\"regex\":\"\",\"regexErrorMessage\":\"\",\"validateSnippet\":false,\"snippet\":\"\"},\"type\":\"button\"},\"actionList\":[],\"since\":0}],\"innerStyles\":{\"backgroundColor\":\"rgba(255, 255, 255, 1)\",\"backgroundImage\":\"\",\"borderColor\":\"#333\",\"borderRadius\":\"0px\",\"borderStyle\":\"solid\",\"borderWidth\":\"0px\",\"color\":\"#333333\",\"fontSize\":\"13px\",\"fontStyle\":\"normal\",\"fontWeight\":\"normal\",\"textAlign\":\"left\"},\"validation\":{\"asYouGo\":true,\"usingSnippet\":false,\"errorMessage\":\"Please see errors above before continuing.\",\"snippet\":\"\"}}],\"externalDataList\":[{\"id\":\"colorList\",\"source\":\"param\",\"prefetch\":true,\"allowWrite\":false,\"path\":\"colorList\"},{\"id\":\"yrManf\",\"source\":\"param\",\"prefetch\":true,\"allowWrite\":false,\"path\":\"yrManf\"}],\"snippetList\":[{\"eventTrigger\":\"appSent\",\"elementTrigger\":\"\",\"snippetCode\":\"console.log(app)\"}],\"actionList\":[{\"parameters\":[{\"name\":\"firstname\",\"value\":\"{FirstName}\"},{\"name\":\"lastname\",\"value\":\"{LastName}\"},{\"name\":\"email\",\"value\":\"{email}\"},{\"name\":\"phonenumber\",\"value\":\"{phoneNumber}\"},{\"name\":\"insuranceType\",\"value\":\"{insuranceType}\"}],\"trigger\":\"paneValid\",\"elementTrigger\":\"buyInsurance\",\"enabled\":true,\"eventTrigger\":\"valueChanged\",\"type\":\"exitToBot\"}]}"
}