{
  "schemaId" : "aiico_insurance_payment_form",
  "content" : "{\"version\":7,\"general\":{\"name\":\"AIICO Insurance Payment Form\",\"internalDescription\":\"\",\"previewText\":\"Payment\",\"previewIcon\":\"/chatbox2/upload?k=public%2FO661%2Fschema%2FmBdL%2FpOFz%2FCn0l5yt-k8gaWOMXt1BJaytpoNhauIDbVIu0bsQeUhzmJi4-CXk69SkT52uwDzbv-k-3rkEKsdoWaA%3D%3D%2F991a60ab-aiico-insurance.jpg\",\"author\":\"Unknown\",\"created\":\"Wed Nov 28 2018\",\"icon\":\"/chatbox2/upload?k=public%2FO661%2Fschema%2FJ4D4%2Fakx8%2FfwxWz1HMRlzuD22YidwOm3sV5j_kKl4IoziBoLNt3k3eb7zcKH9WgZODsJgjxBlm0mbiy0H1MCHxMg%3D%3D%2F991a60ab-aiico-insurance.jpg\",\"inviteMessageList\":[\"Proceed to Payment {link}\"],\"windowTitle\":\"AIICO Payment Form\"},\"chatbox\":{\"id\":3,\"apiId\":\"aiico_insurance_payment_form\",\"active\":true,\"build\":5,\"builder\":{\"editCount\":13},\"tagList\":[],\"trashed\":false},\"displayList\":[{\"id\":\"CardInfo\",\"allowDismiss\":false,\"elementList\":[{\"id\":\"logo\",\"initiallyEnabled\":true,\"initiallyVisible\":true,\"innerStyles\":{\"backgroundColor\":\"#FFFFFF\",\"backgroundImage\":\"\",\"borderColor\":\"#333\",\"borderRadius\":\"0px\",\"borderStyle\":\"solid\",\"borderWidth\":\"0px\",\"color\":\"#333333\",\"elementClass\":\"\",\"fontSize\":\"13px\",\"fontStyle\":\"normal\",\"fontWeight\":\"normal\",\"labelClass\":\"\",\"textAlign\":\"left\",\"width\":\"100%\"},\"outerStyles\":{\"marginBottom\":\"12px\",\"marginLeft\":\"0\",\"marginRight\":\"0\",\"marginTop\":\"0\",\"paddingBottom\":\"0\",\"paddingLeft\":\"0\",\"paddingRight\":\"0\",\"paddingTop\":\"0\",\"width\":\"100%\"},\"tooltip\":\"\",\"detail\":{\"src\":\"/chatbox2/upload?k=public%2FO661%2Fschema%2Firar%2FIFFQ%2FeZtRvBGSQZBlgFSabHCb9IXklT33Z-1ORAsqJTBOuX-1WJCFC6a1dma6iEmD6SG2UqAqUloP6JdgVA%3D%3D%2F991a60ab-aiico-insurance.jpg\",\"type\":\"image\"},\"actionList\":[],\"since\":0},{\"id\":\"payment_info\",\"initiallyEnabled\":true,\"initiallyVisible\":true,\"innerStyles\":{\"backgroundColor\":\"rgba(255, 255, 255, 0)\",\"backgroundImage\":\"\",\"borderColor\":\"#333\",\"borderRadius\":\"0px\",\"borderStyle\":\"solid\",\"borderWidth\":\"0px\",\"color\":\"#333333\",\"elementClass\":\"\",\"fontSize\":\"18px\",\"fontStyle\":\"normal\",\"fontWeight\":\"bold\",\"labelClass\":\"\",\"textAlign\":\"center\"},\"outerStyles\":{\"marginBottom\":\"12px\",\"marginLeft\":\"0\",\"marginRight\":\"0\",\"marginTop\":\"0\",\"paddingBottom\":\"0\",\"paddingLeft\":\"0\",\"paddingRight\":\"0\",\"paddingTop\":\"0\",\"width\":\"100%\"},\"tooltip\":\"\",\"detail\":{\"text\":\"**Pay With Your Debit Card**\",\"generatedHtml\":\"<p><strong>Pay With Your Debit Card</strong></p>\\n\",\"type\":\"markdown\"},\"actionList\":[],\"since\":0},{\"id\":\"labelAmount\",\"initiallyEnabled\":true,\"initiallyVisible\":true,\"innerStyles\":{\"backgroundColor\":\"rgba(255, 255, 255, 0)\",\"backgroundImage\":\"\",\"borderColor\":\"#333\",\"borderRadius\":\"0px\",\"borderStyle\":\"solid\",\"borderWidth\":\"0px\",\"color\":\"#333333\",\"elementClass\":\"\",\"fontSize\":\"13px\",\"fontStyle\":\"normal\",\"fontWeight\":\"bold\",\"labelClass\":\"\",\"textAlign\":\"left\"},\"outerStyles\":{\"marginBottom\":\"12px\",\"marginLeft\":\"0\",\"marginRight\":\"0\",\"marginTop\":\"0\",\"paddingBottom\":\"0\",\"paddingLeft\":\"0\",\"paddingRight\":\"0\",\"paddingTop\":\"0\",\"width\":\"100%\"},\"tooltip\":\"\",\"detail\":{\"text\":\"Amount to Pay\",\"generatedHtml\":\"<p>Amount to Pay</p>\\n\",\"type\":\"markdown\"},\"actionList\":[],\"since\":0},{\"id\":\"amountToPay\",\"initiallyEnabled\":true,\"initiallyVisible\":true,\"innerStyles\":{\"backgroundColor\":\"rgba(255, 255, 255, 0)\",\"backgroundImage\":\"\",\"borderColor\":\"#333\",\"borderRadius\":\"0px\",\"borderStyle\":\"solid\",\"borderWidth\":\"0px\",\"color\":\"#333333\",\"elementClass\":\"\",\"fontSize\":\"13px\",\"fontStyle\":\"normal\",\"fontWeight\":\"normal\",\"labelClass\":\"\",\"textAlign\":\"left\"},\"outerStyles\":{\"marginBottom\":\"12px\",\"marginLeft\":\"0\",\"marginRight\":\"0\",\"marginTop\":\"0\",\"paddingBottom\":\"0\",\"paddingLeft\":\"0\",\"paddingRight\":\"0\",\"paddingTop\":\"0\",\"width\":\"100%\"},\"tooltip\":\"\",\"detail\":{\"text\":\"{Amount}\",\"generatedHtml\":\"<p>{Amount}</p>\\n\",\"type\":\"markdown\"},\"actionList\":[],\"since\":0},{\"id\":\"cardNumber\",\"initiallyEnabled\":true,\"initiallyVisible\":true,\"innerStyles\":{\"backgroundColor\":\"#FFFFFF\",\"backgroundImage\":\"\",\"borderColor\":\"#ccc\",\"borderRadius\":\"4px\",\"borderStyle\":\"solid\",\"borderWidth\":\"1px\",\"color\":\"#333333\",\"elementClass\":\"\",\"fontSize\":\"13px\",\"fontStyle\":\"normal\",\"fontWeight\":\"normal\",\"labelClass\":\"\",\"textAlign\":\"left\"},\"outerStyles\":{\"marginBottom\":\"12px\",\"marginLeft\":\"0\",\"marginRight\":\"0\",\"marginTop\":\"0\",\"paddingBottom\":\"0\",\"paddingLeft\":\"0\",\"paddingRight\":\"0\",\"paddingTop\":\"0\",\"width\":\"100%\"},\"tooltip\":\"\",\"detail\":{\"label\":\"Card Number\",\"labelInline\":false,\"maxLength\":256,\"placeholder\":\"\",\"everyoneMasked\":false,\"isTransient\":false,\"agentCanEdit\":false,\"customerCanEdit\":true,\"agentMasked\":false,\"required\":false,\"elementValidation\":{\"required\":true,\"requiredErrorMessage\":\"This is required\",\"validateMinLength\":false,\"minLength\":0,\"minLengthErrorMessage\":\"This field requires at least {$count} characters.\",\"validateMaxLength\":false,\"maxLength\":0,\"maxLengthErrorMessage\":\"This field does not accept more than {$count} characters.\",\"validateRegex\":false,\"regex\":\"\",\"regexErrorMessage\":\"\",\"validateSnippet\":false,\"snippet\":\"\"},\"type\":\"singleLineInput\"},\"actionList\":[],\"since\":0},{\"id\":\"expiry\",\"initiallyEnabled\":true,\"initiallyVisible\":true,\"innerStyles\":{\"backgroundColor\":\"#FFFFFF\",\"backgroundImage\":\"\",\"borderColor\":\"#ccc\",\"borderRadius\":\"4px\",\"borderStyle\":\"solid\",\"borderWidth\":\"1px\",\"color\":\"#333333\",\"elementClass\":\"\",\"fontSize\":\"13px\",\"fontStyle\":\"normal\",\"fontWeight\":\"normal\",\"labelClass\":\"\",\"textAlign\":\"left\"},\"outerStyles\":{\"marginBottom\":\"12px\",\"marginLeft\":\"0\",\"marginRight\":\"0\",\"marginTop\":\"0\",\"paddingBottom\":\"0\",\"paddingLeft\":\"0\",\"paddingRight\":\"0\",\"paddingTop\":\"0\",\"width\":\"48%\"},\"tooltip\":\"\",\"detail\":{\"label\":\"Expiry\",\"labelInline\":false,\"maxLength\":256,\"placeholder\":\"04/21\",\"everyoneMasked\":false,\"isTransient\":false,\"agentCanEdit\":false,\"customerCanEdit\":true,\"agentMasked\":false,\"required\":false,\"elementValidation\":{\"required\":true,\"requiredErrorMessage\":\"This is required\",\"validateMinLength\":false,\"minLength\":0,\"minLengthErrorMessage\":\"This field requires at least {$count} characters.\",\"validateMaxLength\":false,\"maxLength\":0,\"maxLengthErrorMessage\":\"This field does not accept more than {$count} characters.\",\"validateRegex\":false,\"regex\":\"\",\"regexErrorMessage\":\"\",\"validateSnippet\":false,\"snippet\":\"\"},\"type\":\"singleLineInput\"},\"actionList\":[],\"since\":0},{\"id\":\"cvv\",\"initiallyEnabled\":true,\"initiallyVisible\":true,\"innerStyles\":{\"backgroundColor\":\"#FFFFFF\",\"backgroundImage\":\"\",\"borderColor\":\"#ccc\",\"borderRadius\":\"4px\",\"borderStyle\":\"solid\",\"borderWidth\":\"1px\",\"color\":\"#333333\",\"elementClass\":\"\",\"fontSize\":\"13px\",\"fontStyle\":\"normal\",\"fontWeight\":\"normal\",\"labelClass\":\"\",\"textAlign\":\"center\"},\"outerStyles\":{\"marginBottom\":\"12px\",\"marginLeft\":\"0\",\"marginRight\":\"0\",\"marginTop\":\"0\",\"paddingBottom\":\"0\",\"paddingLeft\":\"0\",\"paddingRight\":\"0\",\"paddingTop\":\"0\",\"width\":\"50%\"},\"tooltip\":\"\",\"detail\":{\"label\":\"CVV\",\"labelInline\":false,\"maxLength\":256,\"placeholder\":\"\",\"everyoneMasked\":false,\"isTransient\":true,\"agentCanEdit\":false,\"customerCanEdit\":true,\"agentMasked\":false,\"required\":false,\"elementValidation\":{\"required\":true,\"requiredErrorMessage\":\"This is required\",\"validateMinLength\":true,\"minLength\":0,\"minLengthErrorMessage\":\"This field requires at least {$count} characters.\",\"validateMaxLength\":true,\"maxLength\":3,\"maxLengthErrorMessage\":\"This field does not accept more than {$count} characters.\",\"validateRegex\":false,\"regex\":\"\",\"regexErrorMessage\":\"\",\"validateSnippet\":false,\"snippet\":\"\"},\"type\":\"singleLineInput\"},\"actionList\":[],\"since\":0},{\"id\":\"pay\",\"initiallyEnabled\":true,\"initiallyVisible\":true,\"innerStyles\":{\"backgroundColor\":\"rgba(223, 161, 10, 1)\",\"backgroundImage\":\"\",\"borderColor\":\"#333\",\"borderRadius\":\"3px\",\"borderStyle\":\"solid\",\"borderWidth\":\"0px\",\"color\":\"#FFFFFF\",\"elementClass\":\"\",\"fontSize\":\"14px\",\"fontStyle\":\"normal\",\"fontWeight\":\"bold\",\"labelClass\":\"\",\"textAlign\":\"center\"},\"outerStyles\":{\"marginBottom\":\"12px\",\"marginLeft\":\"0\",\"marginRight\":\"0\",\"marginTop\":\"10px\",\"paddingBottom\":\"0\",\"paddingLeft\":\"0\",\"paddingRight\":\"0\",\"paddingTop\":\"0\",\"width\":\"100%\"},\"tooltip\":\"\",\"detail\":{\"buttonClass\":\"InteractiveButton\",\"label\":\"Make Payment\",\"agentCanEdit\":false,\"customerCanEdit\":true,\"agentMasked\":false,\"required\":false,\"elementValidation\":{\"required\":false,\"requiredErrorMessage\":\"This is required\",\"validateMinLength\":false,\"minLength\":0,\"minLengthErrorMessage\":\"This field requires at least {$count} characters.\",\"validateMaxLength\":false,\"maxLength\":0,\"maxLengthErrorMessage\":\"This field does not accept more than {$count} characters.\",\"validateRegex\":false,\"regex\":\"\",\"regexErrorMessage\":\"\",\"validateSnippet\":false,\"snippet\":\"\"},\"type\":\"button\"},\"actionList\":[],\"since\":0}],\"innerStyles\":{\"backgroundColor\":\"rgba(255, 255, 255, 1)\",\"backgroundImage\":\"\",\"borderColor\":\"#333\",\"borderRadius\":\"0px\",\"borderStyle\":\"solid\",\"borderWidth\":\"0px\",\"color\":\"#333333\",\"fontSize\":\"13px\",\"fontStyle\":\"normal\",\"fontWeight\":\"normal\",\"textAlign\":\"left\"},\"validation\":{\"asYouGo\":true,\"usingSnippet\":false,\"errorMessage\":\"Please see errors above before continuing.\",\"snippet\":\"\"}}],\"externalDataList\":[{\"id\":\"Amount\",\"source\":\"param\",\"prefetch\":true,\"allowWrite\":false,\"path\":\"Amount\"}],\"snippetList\":[],\"actionList\":[{\"parameters\":[{\"name\":\"cardNumber\",\"value\":\"{cardNumber}\"},{\"name\":\"expiry\",\"value\":\"{expiry}\"},{\"name\":\"cvv\",\"value\":\"{cvv}\"}],\"trigger\":\"paneValid\",\"elementTrigger\":\"pay\",\"enabled\":true,\"eventTrigger\":\"valueChanged\",\"type\":\"exitToBot\"},{\"id\":\"amountToPay\",\"value\":\"{Amount}\",\"trigger\":\"change\",\"elementTrigger\":\"\",\"enabled\":true,\"eventTrigger\":\"appSent\",\"type\":\"setElementValue\"}]}"
}